-- phpMyAdmin SQL Dump
-- version 5.2.0
-- https://www.phpmyadmin.net/
--
-- Servidor: 127.0.0.1
-- Tiempo de generación: 24-08-2022 a las 17:39:25
-- Versión del servidor: 10.4.24-MariaDB
-- Versión de PHP: 7.4.29

SET SQL_MODE = "NO_AUTO_VALUE_ON_ZERO";
START TRANSACTION;
SET time_zone = "+00:00";


/*!40101 SET @OLD_CHARACTER_SET_CLIENT=@@CHARACTER_SET_CLIENT */;
/*!40101 SET @OLD_CHARACTER_SET_RESULTS=@@CHARACTER_SET_RESULTS */;
/*!40101 SET @OLD_COLLATION_CONNECTION=@@COLLATION_CONNECTION */;
/*!40101 SET NAMES utf8mb4 */;

--
-- Base de datos: `consultorio`
--

DELIMITER $$
--
-- Procedimientos
--
CREATE DEFINER=`root`@`localhost` PROCEDURE `sp_d_usuario_01` (IN `xusu_id` INT)   BEGIN
UPDATE tm_usuario 
	SET 
		est='0',
		fech_elim = now() 
	where usu_id=xusu_id;
END$$

CREATE DEFINER=`root`@`localhost` PROCEDURE `sp_i_ticketdetalle_01` (IN `xtick_id` INT, IN `xusu_id` INT)   BEGIN
	INSERT INTO td_ticketdetalle 
    (tickd_id,tick_id,usu_id,tickd_descrip,fech_crea,est) 
    VALUES 
    (NULL,xtick_id,xusu_id,'Ticket Cerrado...',now(),'1');
END$$

CREATE DEFINER=`root`@`localhost` PROCEDURE `sp_l_usuario_01` ()   BEGIN
SELECT * FROM tm_usuario where est='1';
END$$

CREATE DEFINER=`root`@`localhost` PROCEDURE `sp_l_usuario_02` (IN `xusu_id` INT)   BEGIN
SELECT * FROM tm_usuario where usu_id=xusu_id;
END$$

DELIMITER ;

-- --------------------------------------------------------

--
-- Estructura de tabla para la tabla `td_documento`
--

CREATE TABLE `td_documento` (
  `doc_id` int(11) NOT NULL,
  `tick_id` varchar(400) COLLATE utf8_spanish_ci NOT NULL,
  `doc_nom` varchar(400) COLLATE utf8_spanish_ci NOT NULL,
  `fech_crea` datetime NOT NULL,
  `est` int(11) NOT NULL
) ENGINE=InnoDB DEFAULT CHARSET=utf8 COLLATE=utf8_spanish_ci;

--
-- Volcado de datos para la tabla `td_documento`
--

INSERT INTO `td_documento` (`doc_id`, `tick_id`, `doc_nom`, `fech_crea`, `est`) VALUES
(1, '0', '9229001884061CC1006170548C.pdf', '2022-08-03 02:01:04', 1),
(2, '0', '954300231587CC1006170548C.pdf', '2022-08-03 02:01:05', 1),
(3, '0', '954300231587CC1006170548C.pdf', '2022-08-03 02:03:07', 1),
(4, '0', '954300231587CC1006170548C.pdf', '2022-08-03 02:05:43', 1),
(5, '0', 'HelpDesk-Mockups.pdf', '2022-08-04 16:31:10', 1),
(6, '0', 'andercode_helpdesk_41.sql', '2022-08-11 11:27:34', 1),
(7, '0', 'Mejoras.txt', '2022-08-12 12:47:25', 1),
(8, '0', 'Mejoras.txt', '2022-08-12 13:04:38', 1),
(9, '11', 'Mejoras.txt', '2022-08-17 13:46:58', 1);

-- --------------------------------------------------------

--
-- Estructura de tabla para la tabla `td_documentos`
--

CREATE TABLE `td_documentos` (
  `docs_id` int(11) NOT NULL,
  `emp_id` int(11) NOT NULL,
  `docs_nom` varchar(150) COLLATE utf8_spanish_ci NOT NULL,
  `fech_crea` datetime NOT NULL,
  `est` int(11) NOT NULL
) ENGINE=InnoDB DEFAULT CHARSET=utf8 COLLATE=utf8_spanish_ci;

-- --------------------------------------------------------

--
-- Estructura de tabla para la tabla `td_ticketdetalle`
--

CREATE TABLE `td_ticketdetalle` (
  `tickd_id` int(11) NOT NULL,
  `tick_id` int(11) NOT NULL,
  `usu_id` int(11) NOT NULL,
  `tickd_descrip` mediumtext COLLATE utf8_spanish_ci NOT NULL,
  `fech_crea` datetime NOT NULL,
  `est` int(11) NOT NULL
) ENGINE=InnoDB DEFAULT CHARSET=utf8 COLLATE=utf8_spanish_ci;

--
-- Volcado de datos para la tabla `td_ticketdetalle`
--

INSERT INTO `td_ticketdetalle` (`tickd_id`, `tick_id`, `usu_id`, `tickd_descrip`, `fech_crea`, `est`) VALUES
(1, 8, 38, '<p>respuesta<br></p>', '2022-08-17 15:35:16', 1),
(2, 8, 38, '<p>respuesta 2<br></p>', '2022-08-17 15:38:20', 1),
(3, 11, 1, '<p>r<br></p>', '2022-08-17 16:07:49', 1),
(4, 8, 38, '<p>respuesta</p><p><br></p>', '2022-08-22 13:22:07', 1),
(5, 8, 1, '<p>respuesa <br></p>', '2022-08-22 13:25:23', 1),
(6, 8, 39, '<p>respuesta <br></p>', '2022-08-22 14:47:19', 1),
(7, 8, 39, '<p>sigue funcionando ?<br></p>', '2022-08-22 15:02:12', 1),
(8, 2, 1, 'Ticket Re-Abierto...', '2022-08-22 15:09:36', 1),
(9, 2, 1, 'Ticket Cerrado...', '2022-08-22 15:10:09', 1),
(10, 5, 1, '<p>tenog este error</p><p><img src=\"data:image/png;base64,iVBORw0KGgoAAAANSUhEUgAAAwAAAAGcCAYAAABuusefAAAgAElEQVR4Xu3dCZwT5cHH8T8Ly3IKKCCHVxEQrIrU++JVBEWkKHhVVBStoGIBKV5QPEARFS+qVvBFEZFaeJWKeCGiRcULFNF6AKICwgoop8vC7sL7TLJhk2x2Z5JMNpnJL58Pn9adzHN8nyfJ/DPPTKpt2b57txJ41K+VwE4u77Jo0SK1adPG5VIpDgEEEEAAAQQQQAAB/wpUIwD4d3DpGQIIIIAAAggggAAC0QIEAOYEAggggAACCCCAAAJZJEAAyKLBpqsIIIAAAggggAACCBAAmAMIIIAAAggggAACCGSRgOcDwG+//ZZFw0VXEUAAAQQQQAABBBBITsDzAYC7ACU3AdgbAQQQQAABBBBAILsECADZNd70FgEEEEAAAQQQQCDLBQgAWT4B6D4CCCCAAAIIuCOwePHipAs68sgjky6DAhCwEyAA2AmxHQEEEEAAAQQQcCBAAHCAxFMyQoAAkBHDQCMQQAABBBBAAAEEEKgaAU8HACtpWxcBl5SUVI0WtSCAAAIIIIAAAhUIcAaAqeEVAU8HgKVLl6pJkyaqXr26V7xpJwIIIIAAAggggAACaRXwdADYuHGj8vPz1axZM9WsWZMzAWmdSlSOAAIIIIAAAggg4AUBTweA3bt3a9OmTVq/fr0KCgoIAF6YcbQRAQQQQAABBBBAIK0Cng4AaZWjcgQQQAABBBBAAAEEPChAAPDgoNFkBBBAAAEEEEAAAQQSFSAAJCrHfggggAACCCCAAAIIeFCAAODBQaPJCCCAAAIIIIAAAggkKkAASFSO/RBAAAEEEEAAAQQQ8KAAAcCDg0aTEUAAAQQQQAABBBBIVIAAkKgc+yGAAAIIIIAAAggg4EEBAoAHB40mI4AAAggggAACCCCQqAABIFE59kMAAQQQQAABBBBAwIMCBAAPDhpNRgABBBBAAAEEEEAgUQECQKJy7IcAAggggAACCCCAgAcFCAAeHDSajAACCCCAAAIIIIBAogIEgETl2A8BBBBAAAEEEEAAAQ8KEAA8OGg0GQEEEEAAAQQQQACBRAUIAInKsR8CCCCAAAIIIIAAAh4UIAB4cNBoMgIIIIAAAggggAACiQoQABKVYz8EEEAAAQQQQAABBDwoQADw4KDRZAQQQAABBBBAAAEEEhUgACQqx34IIIAAAggggAACCHhQgADgwUGjyQgggAACCCCAAAIIJCpAAEhUjv0QQAABBBBAAAEEEPCgAAHAg4NGkxFAAAEEEEAAAQQQSFQg4QBQN0/KqZZoteyHAAIIIIAAAggggAAC6RBIOADUzpVqVE9Hk6kTAQQQQAABBBBAAAEEEhVIOADkmoP/WiYE8EAAAQQQQAABBBBAAAHvCCQcAKwusgzIOwNNSxFAAAEEEEAAAQQQsASSCgCcBWASIYAAAggggAACCCDgLYGkAoDV1bwaUk3zjwcCCCCAAAIIIIAAAghkvkDSAYAQkPmDTAsRQAABBBBAAAEEEAgJuBIArMKs5UDWmQBuDcrkQgABBBBAAAEEEEAgcwVcCwChLlpBoEaOCQLWP34nIHNHnpYhgAACCCCAAAIIZKWA6wEgKxXpNAIIIIAAAggggAACHhEgAHhkoGgmAggggAACCCCAAAJuCBAA3FCkDAQQQAABBBBAAAEEPCJAAPDIQNFMBBBAAAEEEEAAAQTcECAAuKFIGQgggAACCCCAAAIIeESAAOCRgaKZCCCAAAIIIIAAAgi4IUAAcEORMhBAAAEEEEAAAQQQ8IgAAcAjA0UzEUAAAQQQQAABBBBwQ4AA4IYiZSCAAAIIIIAAAggg4BEBAoBHBopmIoAAAggggAACCCDghgABwA1FykAAAQQQQAABBBBAwCMCBACPDBTNRAABBBBAAAEEEEDADQECgBuKlIEAAggggAACCCCAgEcECAAeGSiaiQACCCCAAAIIIICAGwIEADcUKQMBBBBAAAEEEEAAAY8IEAA8MlA0EwEEEEAAAQQQQAABNwQIAG4oUgYCCCCAAAIIIIAAAh4RIAB4ZKBoJgIIIIAAAggggAACbggQANxQpAwEEEAAAQQQQAABBDwiQADwyEDRTAQQQAABBBBAAAEE3BAgALihSBkIIIAAAggggAACCHhEgADgkYGimQgggAACCCCAAAIIuCFAAHBDkTIQQAABBBBAAAEEEPCIAAHAIwNFMxFAAAEEEEAAAQQQcEOAAOCGImUggAACCCCAAAIIIOARAQKARwaKZiKAAAIIIIAAAggg4IYAAcANRcpAAAEEEEAAAQQQQMAjAgQAjwwUzUQAAQQQQAABBBBAwA0BAoAbipSBAAIIIIAAAggggIBHBAgAHhkomokAAggggAACCCCAgBsCBAA3FCkDAQQQQAABBBBAAAGPCBAAPDJQNBMBBBBAAAEEEEAAATcEXA8AudWlGjlSjvWvmhtNpAwEEEAAAQQQQAABBBBwS8C1AGAd+NeswUG/WwNDOQgggAACCCCAAAIIpELAlQCQZw78rYN/HggggAACCCCAAAIIIJDZAkkHAA7+M3uAaR0CCCCAAAIIIIAAAuECSQUAa9lPrVxAEUAAAQQQQAABBBBAwCsCSQWAunms+ffKQNNOBBBAAAEEEEAAAQQsgYQDAN/+M4EQQAABBBBAAAEEEPCeQMIBoLZZ+lPDLAHigQACCCCAAAIIIIAAAt4RSDgAsPzHO4NMSxFAAAEEEEAAAQQQCAkkHADq1wIRAQQQQAABBBBAAAEEvCZAAPDaiNFeBBBAAAEEEEAAAQSSECAAJIHHrggggAACCCCAAAIIeE2AAOC1EaO9CCCAAAIIIIAAAggkIUAASAKPXRFAAAEEEEAAAQQQ8JoAAcBrI0Z7EUAAAQQQQAABBBBIQoAAkAQeuyKAAAIIIIAAAggg4DUBAoDXRoz2IoAAAggggAACCCCQhAABIAk8dkUAAQQQQAABBBBAwGsCBACvjRjtRQABBBBAAAEEEEAgCQECQBJ47IoAAggggAACCCCAgNcECABeGzHaiwACCCCAAAIIIIBAEgIEgCTw2BUBBBBAAAEEEEAAAa8JEAC8NmK0FwEEEEAAAQQQQACBJAQIAEngsSsCCCCAAAIIIIAAAl4TIAB4bcRoLwIIIIAAAggggAACSQgQAJLAY1cEEEAAAQQQQAABBLwmQADw2ojRXgQQQAABBBBAAAEEkhAgACSBx64IIIAAAggggAACCHhNgADgtRGjvQgggAACCCCAAAIIJCFAAEgCj10RQAABBBBAAAEEEPCaAAHAayNGexFAAAEEEEAAAQQQSEKAAJAEHrsigAACCCCAAAIIIOA1AQKA10aM9iKAAAIIIIAAAgggkIQAASAJPHZFAAEEEEAAAQQQQMBrAgkHgLp5Uk41r3WX9iKAAAIIIIAAAgggkN0CCQeA2rlSjerZjUfvEUAAAQQQQAABBBDwmkDCASDXHPzXMiGABwIIIIAAAggggAACCHhHIOEAYHWRZUDeGWhaigACCCCAAAIIIICAJZBUAOAsAJMIAQQQQAABBBBAAAFvCSQVAKyu5tWQapp/PBBAAAEEEEAAAQQQQCDzBZIOAISAzB9kWogAAggggAACCCCAQEjAlQBgFWYtB7LOBHBrUCYXAggggAACCCCAAAKZK+BaAAh10QoCNXJMELD+8TsBmTvytAwBBBBAAAEEEEAgKwVcDwBZqUinEUAAAQQQQAABBBDwiAABwCMDRTMRQAABBBBAAAEEEHBDgADghiJlIIAAAggggAACCCDgEQECgEcGimYigAACCCCAAAIIIOCGAAHADUXKQAABBBBAAAEEEEDAIwIEAI8MFM1EAAEEEEAAAQQQQMANAQKAG4qUgQACCCCAAAIIIICARwQIAB4ZKJqJAAIIIIAAAggggIAbAgQANxQpAwEEEEAAAQQQQAABjwgQADwyUDQTAQQQQAABBBBAAAE3BAgAbihSBgIIIIAAAggggAACHhEgAHhkoGgmAggggAACCCCAAAJuCBAA3FCkDAQQQAABBBBAAAEEPCJAAPDIQNFMBBBAAAEEEEAAAQTcECAAuKFIGQgggAACCCCAAAIIeESAAOCRgaKZCCCAAAIIIIAAAgi4IUAAcEORMhBAAAEEEEAAAQQQ8IgAAcAjA0UzEUAAAQQQQAABBBBwQ4AA4IYiZSCAAAIIIIAAAggg4BEBAoBHBopmIoAAAggggAACCCDghgABwA1FykAAAQQQQAABBBBAwCMCBACPDBTNRAABBBBAAAEEEEDADQECgBuKlIEAAggggAACCCCAgEcECAAeGSiaiQACCCCAAAIIIICAGwIEADcUKQMBBBBAAAEEEEAAAY8IEAA8MlA0EwEEEEAAAQQQQAABNwQIAG4oUgYCCCCAAAIIIIAAAh4RIAB4ZKBoJgIIIIAAAggggAACbggQANxQpAwEEEAAAQQQQAABBDwiQADwyEDRTAQQQAABBBBAAAEE3BAgALihSBkIIIAAAggggAACCHhEwPUAkFtdqpEj5Vj/qnlEgWYigAACCCCAAAIIIJAlAq4FAOvAv2YNDvqzZN7QTQQQQAABBBBAAAGPCrgSAPLMgb918M8DAQQQQAABBBBAAAEEMlsg6QDAwX9mDzCtQwABBBBAAAEEEEAgXCCpAGAt+6mVCygCCCCAAAIIIIAAAgh4RSCpAFA3jzX/Xhlo2okAAggggAACCCCAgCWQcADg238mEAIIIIAAAggggAAC3hNIOADUNkt/apglQDwQQAABBBBAAAEEEEDAOwIJBwCW/3hnkGkpAggggAACCCCAAAIhgYQDQP1aICKAAAIIIIAAAggggIDXBAgAXhsx2osAAggggAACCCCAQBICBIAk8NgVAQQQQAABBBBAAAGvCRAAvDZitBcBBBBAAAEEEEAAgSQECABJ4LErAggggAACCCCAAAJeEyAAeG3EaC8CCCCAAAIIIIAAAkkIEACSwGNXBBBAAAEEEEAAAQS8JkAA8NqI0V4EEEAAAQQQQAABBJIQIAAkgceuCCCAAAIIIIAAAgh4TYAA4LURo70IIIAAAggggAACCCQhQABIAo9dEUAAAQQQQAABBBDwmgABwGsjRnsRQAABBBBAAAEEEEhCgACQBB67IoAAAggggAACCCDgNQECgNdGjPYigAACCCCAAAIIIJCEAAEgCTx2RQABBBBAAAEEEEDAawIEAK+NGO1FAAEEEEAAAQQQQCAJAQJAEnjsigACCCCAAAIIIICA1wQ8HwB2bN0m1a+nPK/J014EEEAAAQQQQAABBNIg4PEA8KUeu3mWdMlwDTwiDXpUmXKB4oJt2pFXT3Wrp7wqKkAAAQQQQAABBLJCwOMBYKEeuOEV6aLb9dfjs2K8sq6T85+4U58cyfhm3cDTYQQQQAABBBBImQABoBLaHTt3Kq9mzZThV0nBJTu1QzWV59Fv0AkAVTJLqAQBBBBAAAEEskjAVwHgh5kP67FdJ+ikle9qzoYSlRTuVM12Z+muq49Wg8CgbtXHzz6tSYu3qHqdGlK1FuppzhzMWNxUdwzvpv21WtNG/592nd5O3770idaora6+9yIdv3WJnhj/qpYUVFcNlai4QXtdc+05OqK+VeQ3mvyPF/XBxlzl5RRpe7Um6nLZJbrokDpmY7G+e/0Zjf/Peu2uUV3FxdXU6ozLNOS0fU050Y+tWjL9WT22aIsJHdW0o7Ca9jull4b2bKO6a17XLQ9sUM8HLtWJod0+nKJ+85pqVKDdUQ9r2+ID1S/3Ez37ZaGanXmVRndrUklbirXm7Wm69/XVKqmZq12FO1SnXTfdeNXR2nePyRH6/vWP9XPJLm3fWVOtTr9QN3c7INCPBU+O1qx9/6yxPZuXNsRyfFrrzhqpIUdbf6rMoYK6/7hR4+9ZYMag7FHjsHP15FVt9N/XZ2jK26u0qUaecot3qFqzEzVkUGcd7NGQk0XvN3QVAQQQQAABBDJAwHcBYPSCGjrtmv669GDzzf3Wj3TfXW+pbuk1Avmv/0Mj/lNXl97UR6c1qqHijR/p0Qfm6PO8o3T7yO46KHCw+7Tezj1M1w34ozqa58j87V9jpurHU67R0FMamgPeYv3y1mSNXHak7r/maK03oeOBrWdoXN9DAxciF2/8Tl9saa6OB9bRbwun6sbX6mvwzefoEOtEws5vNPGu11Xv6iHqE33UvupV3Thhm/rcdqE6Ws8t2aSvv96qAw7bX3WtbQ9u0B8f6qtO4QHgzcal7Y4RAGbkq133SzXk9BaBdlXalhZmKdVNn6r1367UOYE+79TKz39QXoe2pQHAMumoYUN7BPpR/OOr+tv4Jdr/8mHm2osasr6lf3nfq3R/r/3CAsAkre0aXLqTeN0KlB25BKhAKxatkNq3UysrxJXka/q4J7X8hL9qeCcrdPFAAAEEEEAAAQQQqEzAdwHgzp9P1tPmwDz4KNDrj9yvBYf8RaO6Sf++/+/69HDr/++9x2S9CQU3fXJgWACYpNWnj9BNJ5Z+R//tTP3lWemau3rp96G9SkywuGmZTjbfyLcwAWDs2mM06s8nqWnEaqFg3YuOuFEjTis7MP3uhYf0ZO6fwr4tLy3UOsh/dJ263NhHZzaOWnaUSAB4Y2/97fYeOjjMocK2nP2TCQDvqfGAAbqkbe2osxNWKIoyMWUumjxGT6qnnrjiMJsAYONQad2xAkD56fzff96vybUuDgsgvOgRQAABBBBAAAEEKhLweQAIHkAGv51W4EA29K30HhBrucyeb9KDB7sRz7G2z1itunVylROumNtGV952ro4s+VlvT56hF5ZuUlGNhjrgiKN0Wa8TdEDNYFlvF9RR7aj1Pi1Ou0q3dC4LIcFizVKYBdP191d+0Ibi6mrc4hCdfn53dWlpwkAiASDi7IB9WzZ/9aoe/b8l+mGr1GDfA3RCt+465zDrjEdwWZSuiDxrYS23CoWtys8AJFN3rABglkrNnK4pCzeoMCcnMCa7dhaq9vH9CAC8zyGAAAIIIIAAAg4EsigA7K03//6AXtn3Ej18Yas9NN9OH6ex3x4acQYgIgAs+ZeumV5Tfwk/A1AB7I6tP2ju5Of1cv0e5pvxFoEzDv89OvIMgIMxMStwtmnZu//SQ3Pq6SpzDcJRMQJA5JmLqFIjQo217VfnbSnZrjVfvq7xU/J1/PBrde4+iZwBsG7P+oIKe1lLgJKpOxgA3j0kzNC6HuL+lTplVH+dbV2DYR7W2YjnG/QlADiaXDwJAQQQQAABBLJdIIsCwH4qNgfzg575WUf1vUA998tT4er/aPKMb7Ui74iKA4BWaPJtz+un/7lKN59eevHuzjVa+EWJ2h/VXJu//EbFbQ8z3/gHv8X/6eUJui3/RE26uqN+mz9Jg/7TQIOHnB+8YNi6fmD5Eq1p8Acd3iRy6hXnf63FJQfraOsbf+uZa9/Q7ePW6+zAhb+f6eG/viZdPMxcVGu27/xez9w7Re/omIqvAYi6PqDSttT6Xgt/bqQjW1vf+JvHTlPfyHfVfPAgXdQiGADeqn6Mht/cPXChbXH+XI26f6H2Lb0GYNWs8brt60N017Az1bK66eO7UzXixR/VpvT2rInXXbrUqPgsPfLnjsEfe4sOAOY6jwfGzFH+sZwByPY3M/qPAAIIIIAAAs4EPB4AlmnS32ao8MLgD4FZy1LGbu4SWJceeljfIM89KLTu3xycfvm2nnp5sVYV1FCjtidqwMHfasRboYtprYPdKdp4TuQPixVv/Ez/+/hr+mybudNPjRJtL6yhg045R0N6/k751l1+3lqrolp5qrGrSDuq76de1/VRt2bBi2m/feVZPT7/58DddbRzh4r2aqVL+vdRp+gA8OM83TtpgX4oyjNLhnZpx87qatOt7I5BP8x9Ug+8ZsoxS5FUbW+d0TFPL38duntR1GBbZwDe3U/33dhZZdVU0pZa1l2OZmvRluqqXTNHxTuLtM9RvTXswnbm7kmlZwAOPU5bP/1cm3N2a3tBjg7o+ifdWnoXIBV8qf8d92998Fuu6prtNQ89Vu1Xva+tZ4TuApRo3aZfq97R6AnvGhdzK9Oc/dX3ngvVZNZE3fd+8G5Ju2q10mkH/qQP657PGQBnr3mehQACCCCAAAJZLuDxAJD86OW/8phuXd5Bjw4+WXXtijNLc9bvqKkm9cv/NkBxwSZtUT3tbd2ZptyjWL9t2ibVb2j/i7ZmCc6vZh3+Xg2jL8YNfDWvLZtKVCfmNrvGh7ZX1hZT/i/mtw/2qRf8tj3wCL8uwtq3UDUahm8vq9cyKDDXQexV4U8nxFt3Wdk7tlp+YfVaTua2rHvHGAunEjwPAQQQQAABBBDIRoHsCgCfTtN1s6UuZx2tY1o1VuF388wSoOVqctEgs7SGW0jGfgHEuDA6G18p9BkBBBBAAAEEEPCJQHYFgMAa/IV6Y8F3Wr1xu1S3sX5/6qk6M7T23SeD6m43ftX7M96TOvfUSfu4WzKlIYAAAggggAACCFS9QJYFgKoHpkYEEEAAAQQQQAABBDJJgACQSaNBWxBAAAEEEEAAAQQQSLEAASDFwBSPAAIIIIAAAggggEAmCRAAMmk0aAsCCCCAAAIIIIAAAikWIACkGJjiEUAAAQQQQAABBBDIJAECQCaNBm1BAAEEEEAAAQQQQCDFAgSAFANTPAIIIIAAAggggAACmSRAAMik0aAtCCCAAAIIIIAAAgikWIAAkGJgikcAAQQQQAABBBBAIJMECACZNBq0BQEEEEAAAQQQQACBFAsQAFIMTPEIIIAAAggggAACCGSSAAEgk0aDtiCAAAIIIIAAAgggkGIBAkCKgSkeAQQQQAABBBBAAIFMEiAAZNJo0BYEEEAAAQQQQAABBFIsQABIMTDFI4AAAggggAACCCCQSQIEgEwaDdqCAAIIIIAAAggggECKBQgAKQameAQQQAABBBBAAAEEMkmAAJBJo0FbEEAAAQQQQAABBBBIsQABIMXAFI8AAggggAACCCCAQCYJEAAyaTRoCwIIIIAAAggggAACKRYgAKQYmOIRQAABBBBAAAEEEMgkAQJAJo0GbUEAAQQQQAABBBBAIMUCBIAUAO/cuk3FteupTo1kC9+lgo2FqtGojmqWK2qjXr39n/r85L66tWu9ZCtifwQQQAABBBBAAIEsEfB4APhGj105R5/vjhyt6rUbqX23U9Sv50GqX9UDueY9jRzxqdZ1PEMTBrVLrvaPX9aAf3yvpj0u0ejz9okoq2TRKxo8aZf63v9HHVs3uWrYGwEEEEAAAQQQQCB7BDweAL7S+H5ztebUHrrx7NID5B2b9N95H+iFeeukDl1015BDqzgEFOi7j77T9gN/r8Oa5SQ3k4p/1ZcL1ql2x3Y6OCLJbAl8+//92Zdr4LG1kquDvRFAAAEEEEAAAQSySsAXAWBt9z/pnguaRgzc1rkzNOy5Dep4/QBdc1T4gXiRtm4oUl7jWMtqpJKCbdqqOmpYJ8bB+84CbSquFXubzHKdrabc+nmqXtEUKt6hTdtz1LB+buxnVFp+2C6mnHXrCtWwRYMYS4NKn+e0rKya7nQWAQQQQAABBBBAwLcBQFquJ695VQsPDS3FKdJ3s2bq0X/nqzA3V7uKquug3j11U49mgQP2kh8+0oMPL9KyzcWBWVG9QQudcU0P9WpXSyX5X+jJB97VpxvKtv1xSG91r7nALPf5Vm0vOUTfz1is1Tsb6ux7j9e6217X+nP7ani3vbT2hSm6/c191KPrZs15ZYN2muVK1eo20znDzlf3g4Iho8Ly63+i0cMWq+XQAbrycPNEc0bg/QmzNHXhFpUEGllHbXqepcE9WwaCwMfjH9Wk7Ufponr/1YyFBYHnVG/cXtfc0VUdWCbEqx0BBBBAAAEEEEDACPg4AKzTjJue15u1j9PYO49TrnVGYNp2nT78Yl3YOlclv36u8cM/VL1rr9bVHbaZJTWT9Wr903TPsMPNkqEirf9siZY26qiT9luhJweZINGgva4deqqObLRLK9/7SEsPOlldqr+nW29brF9qN1XXq7uoc+sG2qf+ssCypNBZiVUzJmv0q1tUu8P/6G/XddDexav0wuiXNHfzwRo4/ix1sIKKTfnNrx6kQSfu0ucTntRjn+2t3sN7qusBOfr1nVd01zNrdfDV/cz2Wvrg4fF6+vNcHXxBb/3ljCbSd//R6LFfqM55V2hkj72Y8AgggAACCCCAAAIIZEsAaK8PrQP8Ft316IDWe4bdOmCe0aiXHry8QWkAOEUjzUH6vuHLfwIX4ubr5Juv1mXR1/Sumh8IAA0v6a+bu4TW4gevS4gMAHX1p0cvUOfQt/DfvKmh9y5X+yHX6uod9uUHA0DwjMZ3/3Ohxl7crLQPhZp3z0Q9r5P18K1/0OdWAFh9hEaMO1UHBp5RGoJadNFEcy0EDwQQQAABBBBAAAEE/HsGoHiZnrj+NX3Z0Tro3ytwNmDu5tqql1ctYtRzjzldYy/7XXAZzt8X6PM1O7SrZm3te8hh+tPVJ+jQL/6t/k9uUtdRV+iC/aMmTGkACB6gh7bFCgAN1e/pc3VC6Cnh+8lp+cFyFVGXgt/6rzlSI+/rpNVh/z/YVAIAL3EEEEAAAQQQQACBSAGfBoBd+nHGVI15dbuOHhK2xGffs/TIdW0qvkg3YGMuEv5umaZNmKsvDjbh4fhluv7h1TqukjMA9gGgkjMAes1h+bHOAFh3A5qsf9cKOwNQGgYIALzUEUAAAQQQQAABBGIJ+CIAhN8GdPOq5Vr09hea98U21T/+TI0c0CZwG9DAXYHMNQAn/+UcXdTR3D3H3CVnxYIPtLjRSerdYYvembFWrc4+XAdYy3+Kf9G/73xOc/czAeCqPD1740y9V+sI/XVkJ7WtWRS4BmDFwZ10qoJLgOwDgHUNwGm64/rD1WjXT5p++8ywawBWOSw/7BqAv52rbvtJ62NdA0AA4JWOAAIIIIAAAgggUImAx0Y8ieQAACAASURBVAPA93rqupf14fawHlbLVd3mzXXiuZ3U+5i9w77tt+4C9JIen7VGWwO30Ane6SdwN5+DtuiDx2bpuUWbAnfpkXJUc982unLEmfqDSQ+x7tJz7l/P15nmIuCRIxar2bXXm/vxh9oQ/KY+v0fwwtvgRcB7qUuPQs2P4y5AgfLrfGTuAvSpmlnXCnQw5Tu4C9D/rj1Sd95zspoHmvOLZt76nN46KPLaB14RCCCAAAIIIIAAAtkr4PEAkNjA7dy6WTvyGqi+de/MqEdl25TAvfWDAaD0GgAXfwdg01apfqNKfnMgMRr2QgABBBBAAAEEEPC5QFYGgKoc04gAUJUVUxcCCCCAAAIIIIAAAjEECAApnhYFn7+nyUsa6fzLfq/I3ypOccUUjwACCCCAAAIIIIAAAYA5gAACCCCAAAIIIIBAdgtwBiC7x5/eI4AAAggggAACCGSZAAEgywac7iKAAAIIIIAAAghktwABILvHn94jgAACCCCAAAIIZJkAASDLBpzuIoAAAggggAACCGS3AAEgu8ef3iOAAAIIIIAAAghkmQABIMsGnO4igAACCCCAAAIIZLcAASC7x5/eI4AAAggggAACCGSZAAEgywac7iKAAAIIIIAAAghktwABILvHn94jgAACCCCAAAIIZJmApwPA7t27tWnTJq1fv14FBQUqKSnJsuGjuwgggAACCCCAAAIIxCfg6QCwceNGbdiwQS1atFC1atXi6znPRgABBBBAAAEEEEAgCwU8HQCWLl2qli1bcvCfhROXLiOAAAIIIIAAAggkJuDpALB48WK1bds2sZ6zFwIIIIAAAggggAACWSjg6QCwaNEitW/fPguHjS4jgAACCCCAAAIIIJCYAAEgMTf2QgABBBBAAAEEEEDAkwK+CwC7zTBs+a1QBdt3aJe5SxAPfwvkmIu/69TO0151aynWZeDMh6od/2wej8r67uV56Nd+Ve0rw1u18Tqu+DPFWyNJaxGoWMB3AWCzOfivXStPDerVScvFwct+XKM2B7ZIy5xLZ91Wh9NRv3Ur2M3bCrS9cIcamBAQ/UjnfEiHR3j/01F/Jo9Hql+UlfU9nfMw2ddmpvbLmt/WI1vfb1M5n3kdV/yZkkp3ykagKgV8FwDWbtisVvs3S8vBf7IftMkOfDoO+NJ9wGnVb31YrViVr+aNG5QjTOd8YDwyazySfX052b+iuZjOeejG+1Im9osA4GRGJv6cTH1fTbxHzvesrO/OS+GZCGS2gO8CwE/rN6XtGyE3PmiTmS7ZesAZcm/ZpGE5vnTOB8Yjs8YjmddWPPta4x49F9M5D916X8q0fhEA4pmViT031phbJaV7PifWm/j2qqjv8ZXCsxHIXAECgMtjk86DvnTW7dZBRqLDkYkfVIwHASA0n9N9wOTGXCQARL47uWGa6PtdVe2Xie+r6e57VdVPPQikWoAA4LJwOj8U0lk3AaD8RGI8CAAEAJffYMOK4wxA6mxDJRMAyr+HpV6dGhCoGgECgMvO6TzoS2fdBAACQLgABw6RBw6cAXD5jdYURwBw3zS6RF7HBIDUzzJqSJcAAcBl+XQehKezbgIAAYAAEBRIbqlMrJvZ2r1J2d/u2I33huT6ZdeH+LcTAOI3i3cPAgABIN45w/O9I5C1AaBo6zpt2Pazln24XL9EjVedlh10RJsWat6o/G0l7YY28Q/aLfp67lv6ZmtYDfXb6fQu7bWXXaWl253WHex7SVSp1VWvcVPVz5XKba/VyJGF0/oddieup7n2QVW4XC/edoseefcH7azZSLVLtpn/bal2Z5yrvvt9otumt9LEWYPV1kHrUuexRYueGqd/fiW1PX+I+h+/d8zWpK5++867Nh5WVSun6JLeKzRg4R3qtKfqlZpySW+N/zb4h0MGvajn+h5g37AqeEZyB8oxAsAC6bBe0hXmf4cdHKsDBADbYS3aqo2FtdTIeoNz6ZHO15dLXbAtxtXXsW1tmfWEivqeWa2kNQgkLpC1AWDFU1foz099pS2Fu0r1auuAYzqozg+LtXR9oay/5jbvrjsnjdQZTZ1/aCT+obBarwwfpLFzVmq71aJ6h+qCEaM1tOuBclq707rz37hV1495Rz/8VlTa91zVPehUDX/0Hp3ZTLK2Xzv6La2ybHJqaf+LH9XMG460nWVO648o6NclmjpxihZvKF98nf3P1FXXddWBDgBc+aAqmq/bug3Tq5sbqcv9/9TY06wD6yJt/eZl3T50rOavMx4tLtM0lwPAlq/n6q1Q8tv3D+pxYviYF+nHBbP16c9Bn/rtTleX9ntp6ZKPVX/tTPWZsJ8mvThQrWKMjtPxSKR+u8ngyngEKpmvO44eqtnqoQfDAsD8O47W0GWD9OJzfXVAICC8oTNffE6ZkAHcDgALrpdOekxqPlBa86gHA8CKp3TFgH/qJ52gW94cpd+Z994B//zJZgq11MUTJuvKWBO7dE+nZwCKtn6juXffpH80H6dZg2voqSsGyL76izVh8pUxX1ehhjt7fZn3j3UbVO77lop6X72eGjet7/g93+51mOz2xF7Hq/XxzE/MeDt8hH3RVbTuM325/TB1dPKm77D4RJ9GAEhUjv28IpC1ASAwQFue11Wdx+nzwH+00GXTZmlw20LN+WtXDf9P4DBcOYcO0qwpfWWOix09nH0oVFBUWHta9Z+p6f33d1RnfB9Ipc9e8Zh6X/i0Vlr/2ayPpsweqkPDayuap5s736LCW97XI2c7OAI3+8bf93xN6dtT478KhbDy3a3XfbzeGXWirUNiH1SRxW55/ip1HmfNhpN058JHdHb45sIlerDPnzWt+BLXA4AVRgdMXa7NW0zwzDlAl03+lwYfGjQv+uoRXXTFs1q5K0e19mqg1pdO0GTrqKhonV4adrGeafsPvTgw9vkIp+MRUb95HfSZ8oKG2tVvMyJujMfKKZeot/mK/5AePWQSQNgZACsUTFCrDDngj6ZwNQDslC4yOXT6b6aWutKLv0q9akbXmOFnAJY+op59ntWa0tdVm0d6qs+zwR/xqvgRej+u+BlOA0Ag4M54Uk83GG0CgPRIzz6yr94+6Dt7fS11Vl+om3F8wWD7pujCExJ7Hb+iwUffrvdzm+vIkw6RtYjmtxUf6ZOVwc/UfdqdqsPNB2ph/hIt+uZXFZX2ufGH9+qaG2ZoRUlTnTF2qsZ0jn1m04VuOSqCAOCIiSd5WCC7A4BK36gCA1j2gVP00kCdMPqj4LDmdNKYjx/UGQ4H2dmHQuzCil4ZrJNuf9+cfWir62ZP05VOU0dpcfHVHdb3mB861gfXMGmcFYqcdT6++k2ZRaYNJ5kPioqP/80X7tPMh7Z9AxL7oIrsV/5TfdTj8aXWoOuAXg/piZtOUvjJn6JFd6vHnfX0d5fPAARbsUVzhvbU8PnbzFQ0gewFK5B9pQfP66tp5lip3kl36sVHzlbwIzFfM6/7k+7+toVOPvNy3XLTmTEDanzjUaT5w7tq6BxT/z69NGH2CB1VYf3288GN8Vg5f77UqVPpN/xhS4BiLgmyb1NVPcPNALDxCanJtVJowd6p/5Devia6JxkeALZ8rblvfaOtaqljeh2rvcLPeFU4KPXV7vQuMie7Knw4DQCBAsx7a8/lA817SbPySy1j1eBg+aWz11e+3rhvnN5c53D2Ne2qYRW8nh2W4OrTEnsdW58t49V0wmyNOCr4RcbSsNB30p0LzZdK1l+LtOjuHhrwUXfzpcoANVm7UYXz7tTVP/bVk/0OVF6Dltq7jqvdiaswAkBcXDzZgwIEAOubisDAlQWA8Derep3GaNaDZ7i+Dr/8XCnSvJs766a3zLckrfpr5vT+iu/7/3i/gU9/ACiad7M63/RWcMlTzMc+umDSG7q5g/0rK7EPqqhyVz2lPuc9rqWlgSSnQWt1G3iXhvdurfivBol3PKzPw/ka3nWogsfgj+pO3a7rZ5orVOqZEDrLhNA9B0NhywoqWTLg7AAlzCCs/npn3KfxjR/WlYH0EV1/FY1HqJroA/75d+joCa304JlvaGjpRQA9HlyoO8ouEIjdwPw3dN+4NxV9LFbnuP4adYF9yLTvdfAZbgaAUUdIo8y1HiWhBHC4tHyJFHkpQIIBYPEzGjb1i3LdOqjnbbq+U/kj7/B+5ebmyvoX9xxziujgeYkFAHfHuc2BLRy01I2nVBAk6hyn/qMucHRNUiKtSOx9dbGeGfa5Ooy7XKGFo7EDgGnRqtm655+56hcKPXuCWtg4xTlPE+lnrH0IAG5JUk6mChAA9gSAhjr+zwN1es4HeurpeVpbYta+n3qjHr77HEdr0EMDnPAHYmDJzU2yjv+dfusdPaniqzv9AWD+8FPMN84VH/6rofkmeq71TbT9I7EPqlC51gfWVFmHQpuXLtBna8y6i7CHFQSO7bhfZAg4/FKNu7zy6yLiG49ghUXzh6vr0DkyGaD0UU9nPPimxnRytgwrvN0J1W+d5RgwM+zC+MTqT248osY7VgAYOrvswl8rEAxdpkG2S4JW6ak+5+nxUMKzqolacmU/0+yf4VoAMBf9tjChZvjD0pC/lJ0FGGi+sXg0YlVcggEgLPCVTTez/O1Fs/wtxuqL6H5ZAeCHNevtf3l9T/A6XJeag8Jmb9yncbZfiTdV12E3Ba5JqugRVwBY/bHmbm1nrp8pcPaNvINv4p29vmLc3CFWhxyccVhlzlCeZ85Qlp0wNWcqL5usfw0+NGXXDLj1Oq4wAERbxAoAcc5T+1eos2cQAJw58SzvChAA9gSA4Brr2tV3attGs+C2+ZE6p98wDfxju8CdcZw+nH0oxCjNHPidYg78toediXBaZ+h58dWd7gCwSHd3GaCZmyruZe0zHtS7Y+y+1g3un9wHVfhSMIfqZknOwuB57EoPUOL/hrBIH95xlq6fHYRp2ONRvXbH8Ql9wMc3H0LdcKf+5MYjirSCMwCBC4ADTw3eEWjFAAdnAX41Y93bnPULJKzUHEC5FQDeGSD1MNPg12ely0LXAZhW1+0jbXsu3CjBAGCKKLvGxCqvnk6680WzPKPiu0q1bJLA7xuk+RqAyNnkcE2+g7X4zl5f7tVnZoJZydRbtwcnr8mul2nyvwar9HIdh29c8T3NrddxUgEgznkaXw8rf/+Onu9ulU05CGSCAAEgxhKgQrM0pZtZmmK9zea26qdJzw10/Cbr7EOh/NDv+TZ8nws06Y2b5WDVS7lC4qs7zQHAfNPc5dr3tV+nQ9U4uie/rdBHn6zXKQ++a775dvYySe6DqlAbrfWnzqoKPsvBrVHjG4/SyovK1v0H/hK6HiCOEBrqRjrrT248ogYiOgCUuwYgjgBgHUyUnmUpOW6kXnrsnNLrKuIZ/Mqf60oAKL34t8mc4Lf9oTsBBWoudzFw4gHAKi70zXKzPlP0wtCKv01OuF9pPgNQ9ONLGj3iWa1o3lvDx3TWqoccrMnPwDMAgbEPfRtecpxGvvSYzknxdbJuvY6TDQDxzFO3XsmcAXBLknIyVYAAECMAmCvGgncxCIxajv5wy1xNPN/Z3fgTOuhS2bfhDXtN0NwRTha9lJ9S8dU9R0OPHa751vnkWHcBMrdfHH7Kw2r5zIsaWMmt+MJbEU/9gQ+Ej87V7GlXlr+Adc5QHTs6V2Pn3avODg98XfmgMhcrLtnYWkdE3YLul8WTNWbUc1oS+I2GPHW+c7Zutb8xUQLro4v01YPnqa+17j7HrLE2F8kVWXcetTkwq+jNJZ7xCJWx9LHeuvTpleZuRMnV78p4hBoV46Jf6zagE1qV3vs/sARIEbcJrfwN1zhPe1r53forFTcaSfhAOdDo4O8ABC7+vUE6ubu5HsT6g7kU5NX/mDunlHYs8mLg5AKA9c3yvImvq1m/PpV+0ZFcv9z/CHS2BGiLnr+qt/575Qx1e/0CPfa7qZoW790VKmh6Iq8vNxSKvpqmp/O7qX8qJm9UA916HbsRAJzOUzeMrTIIAG5JUk6mChAAbANAfGvyE/pQsL4NN+uuN5kbpvWaMNfcOSGx6RJf3Vv0f/27aOynVgKIvPWjVfuvZi1mb3OhpdMfvQq9YTpb8hI8Lf7mqVM023zjGP1YdHcXXbvuBr1vltg4PP5PcglQaQvMUoXe41pq8sTzy130HX7BstNrNOIbD9OGpebWrJeaW7OaW362ve4F3aubg2t+zTr1flNNEIvz+sVk63+0zh3qZm6LGn1rUiez060Dh0BdDn4IzNFFwE4a7sJzkjtQDgYA6+LfZ8xL49YuZQ1aaO4ANOHT0v+OuBg42QDgrNMJ98v8CNe6DdvMnYzMD3E1b6TqMX+IMLoNZT9MWFHrnAUA64L5jSouWqbHb7hXtUa8oP7NHdyX38H9+J29vuK8C5DVWQdnH5yNWPLPcut17E4ASL4/8ZRAAIhHi+d6USC7A0DRSxp4wmgFb/jZzNz/fLa5/7k5yxpxIWQ9dR//jhzcij5QirMPhcipYh3wDggsho9x//k4ZlXcdZv10EMvuFPzN5sQYO7Z3LnflTqhiVSwdJaeevk39Z74nAbGscDUcf355m47PZ5QszEfy9xgKeqRby7U7KH3e87TpD85O+sSco+1XvOn9ZvsL1IMtSCwVnmmfhdrHfRXD6pH32nmBpy1dfp983Svg1MTjj2s+s3Sn0cuukLPrtxl1vb201Tz415tVXbRaiLrfeOr/3tNvPwiTTQXyNrWv/oV3XbLP/TV3n006oHY3xq7deAQx/TPmKcmfKAc6EE17XxHOug0c/Gvuef/9Y3KurVzprR3b3NP9dI/9X/bBIJTrf/I8ACQ5msAfp03XJc/VKh+D41R79Yrnd2Xv6qvAQifvQ7qrqrJ7tbr2DYAhELintuAtt7zy/RV1dfoeggA6ZKn3qoSyNoAkG/uRHHX02/o4+Wb99xVIXi3l3r68f3FWmv9SG5OAx1+zd818Urnd1mI66DLnHpfMvUu3TJ+vqwfmbUuwvtd9+s15pbz1SaB+x/HV3fpFDM/KPXZv57SpNff07c/75AaHKgTTjHLUAacpdZx3vvSef1L9VjvS/W0OdiN+ahX8Z1IKnphuPJBtedApZ4OvewO3TPgVLW0DAqXa+qgP+vhT7cp1/ww3HTzw3BObtHq1OOt27rq7nmbg79KHf1t/56zAtaPMu+lBp1H6M1Rpzt6f3Baf8SvYkffFSdW/cNa65tNJXpv+CVa2u8D3RejOa6Mh6NeZt6TEg8AO7X6vTxdZn737J3NUr9/m2VNZ5kLwa0f/iqQ/jtDOu0KaX2oy82lB6abkHDybpX7bbAoFqdzoTLNhPuV1l8CXmHeay7U1F8aqZ5BannxLeo0f2zm/hKwNQAOzj5U1axP+nUcuP7jZX2y8EN9X3prs5ymh6nToacF7ggVfh+1wiUT1X/QRH21o5UueOgJ3Xx8ii9wsEEkAFTVLKOedAlkbQAI/DrkN4FF3TEf+7Q+SR3bNY3rDkBWQXF90BYs0ztvfKmNES0I/ljOfgnMCOd1x3Na2v52fKGmOq/f2qOiC2/tT/3Hokn6g8oq1ASAPvc20K1DWumDV6ZozpxvtNL6dV6zKadWE3W44G+6+7rIHwezO2BysiRq9ccz9clPpSXt+wf1OPHAsKVPRfpxwWx9+nPp9pbHqNexzmaH0/GIeC04rD/wrerYGrrxlVGKdYdSV8YjgddAJuyS8IGy+eG1MSf+Xo98V9aLweZb/uHWKrkXpH2vi9E784MAby/YHfkr3jGe5nQu2M3nhO4ClKJBsfpkPZy8xlLRBDdMU9EuN8tM+nW850fgoltVwedc4U/6qaClWqb32D/QWAKAmzOJsjJRIGsDQKoGI50fCs7rDvshKVsI5wfkzuu3rTTuJyT9QRV3jfY7pNMj9AGWkoOjBaN1+pDXVLfDiTpv4DjF+jmETBwP+xFz5xmJBwB36o9VihtzMdP6RQBI3XwJlczrOPK2t6kXpwYEqk6AAOCytRsftIk2KZ11p/SA0wFIJn5Q+XY8Cjdq7cbg/WhqNWquRjGWimXieDiYRq48JdMOlN16bWZavwgArkzXSgvhdUwASP0so4Z0CRAAXJZP50FfOut26yAj0eHIxA8qxqP8h2dcF2UnOhnSvF+mHSi79drMtH4RAFI/0TPxfTX1vQ7WwBKgqpKmnnQJEABclk/nQV8663brICPR4cjEDyrGgwAQms/pDj5uzEUCQOS7kxumib7fVdV+mfi+mu6+V1X91INAqgUIAC4Lp/NDIZ11EwDKTyTGgwBAAHD5DTasOM4ApM42VDIBgCVAqZ9l1JAuAd8FgLUbNqvV/s1UrVrwB3Wq+pHOg7501p3OALB7926tWJWv5o0blBvudM4HxiOzxqMq3gsqmovpnIduvDYzsV8EgNTO6Ex9X01tr4OlV9b3qqifOhCoCgHfBYDNvxWqdq08NahXJy0hIJ0Hfems242DjEQmvPVGvXlbgbYX7lCDuuWvRk3nfGA8Mms8Eplf8exT2VxM5zxM9rWZqf0iAMQzO+N7bia/r8bXk/ifbdf3+EtkDwQyU8B3AcD6TcwtJgQUbN+hXebgkIe/BXLMmZ46tfO0lzn4j3XOh/lQteOfzeNRWd+9PA/92q+qfWV4qzZexxV/pnhrJGktAhUL+C4AMNgIIIAAAggggAACCCBAAGAOIIAAAggggAACCCCAgBHgDADTAAEEEEAAAQQQQACBLBIgAGTRYNNVBBBAAAEEEEAAAQQIAMwBBBBAAAEEEEAAAQSySMDzAaBRo0ZZNFx0FQEEEEAAAQQQQACB5AQ8HwCOOuqo5ATYGwEEEEAAAQQQQACBLBIgAGTRYNNVBBBAAAEEEEAAAQQIAMwBBBBAAAEEEEAAAQSySIAAkEWDTVcRQAABBBBAAAEEECAAMAcQQAABBBBAAAEEEMgiAQJAFg02XUUAAQQQQAABBBBAgADAHEAAAQQQQAABBBBAIIsECABZNNh0FQEEEEAAAQQQQAABAgBzAAEEEEAAAQQQQACBLBIgAGTRYNNVBBBAAAEEEEAAAQQIAMwBBBBAAAEEEEAAAQSySIAAkEWDnWldrVatmnbv3p1pzaI9CCCAAAIIIICArwUIAL4e3szuHAEgs8eH1iGAAAIIIICAPwWyKgAsX75crVu39uVIerFvBABfTkU6hQACCCCAAAIZLpAlAWC5Hj6xjaZfuEwLhvgtAHi3bwSADH93oHkIIIAAAggg4EsBAoDnh5UA4PkhpAMIIIAAAggggEAVCmRBAAgeIN/wQalq/1e1e8JZ5j+i/n7CQ1q2YIiC5wde04Bqo9X+1Qs1vfsNCu56gh5atkBlJxAq2z9URndNDO370OG64Qbp1d0TZNVe/lF5ecsfPlFt9nQi1JZE+hZv3VYdfaULrfZbvbHqniL1jf6bZVNZH8qXIyPLRcBV+GqnKgQQQAABBBBAwAhkQQCwxjn6W/Ly35oHDrCnX1gaAqwAYB28999zwP7agGrq/kUoJJQe6B4eChMmMkRsD+7/xUOlS46WP6wT21hBoqy8yNln057XBsgUVxYeIv473r5Fz3s7i9K+KjwgVfK3Ck3K78MSIN6DEEAAAQQQQACBqhfIzgAQfUAdcA8eoH49crcmnBU8gDdH3Ob/lw5K+D6BA/qvNTLi2/ywfWQO2Ee3DzujYEoPfIN/eOwzAHbtscoLDwAR8yTqAN6urOjTD7bPj7XEKMbf7EzOKr8PAaDqX/DUiAACCCCAAAIIZGUAiFxOEzkJTgh8a7+s8gBgHTRHHeCHn2WYor5q8/XI0qVGMQJE1Lyzb48iljH1Dw8mUWc37MuKvAja/vnBuoPBKNTw8LAU1r9KTMzqqnLlEAB4A0IAAQQQQAABBKpeIHsDwJ7lPrHQbc4ApCIAVNqesjYGlhoFLiyIvA4gdIejyKVM9hPK/vkxDvYjzpYQAOyVeQYCCCCAAAIIIJA5AlkZAMyC/UqW1FiDkwlLgCqbJOHLaYLfrO+5xalt36LKtX2+wwDgcAlQ+JkEzgBkzhsBLUEAAQQQQACB7BHIzgAQugNQ+IWtgQPhL0rv9GMTAEL721zwWva7A+UvKo6cYjEuqg1vz7KowBI42J6uCwN3JYp9EfANFfYtenLb1F1avu0SIIcmBIDseXOhpwgggAACCCCQmQJZEgBCF+GaG3pWdBvQiNt82gUAazATuA3o9MgLg2OGgNDtSqNuO1q29Ce4V/h1AHvW8TvqW6yJGNWXiLodngEIFGt3G9DIawk4A5CZbwq0CgEEEEAAAQT8LZA1ASDtwxjzuoG0tyqtDSAApJWfyhFAAAEEEEAgSwUIAKkY+IjlRGXfjJctCUpFpd4rkwDgvTGjxQgggAACCCDgfQECQIrGMPr2msHbi0begjNFVXumWAKAZ4aKhiKAAAIIIICAjwQIAD4aTLqCAAIIIIAAAggggICdAAHATojtCCCAAAIIIIAAAgj4SIAA4KPBpCsIIIAAAggggAACCNgJEADshNiOAAIIIIAAAggggICPBAgAPhpMuoIAAggggAACCCCAgJ0AAcBOiO0IIIAAAggggAACCPhIgADgo8GkKwgggAACCCCAAAII2AkQAOyE2I4AAggggAACCCCAgI8ECAA+Gky6ggACCCCAAAIIIICAnQABwE6I7QgggAACCCCAAAII+EiAAOCjwaQrCCCAAAIIIIAAAgjYCRAA7ITYjgACCCCAAAIIIICAjwQIAD4aTLqCAAIIIIAAAggggICdAAHATojtCCCAAAIIIIAAAgj4SIAA4KPBpCsIIIAAAggggAACCNgJEADshNiOAAIIIIAAAggggICPBAgAPhpMuoIAAggggAACCCCAgJ0AAcBOiO0IIIAAAggggAACCPhIgADgo8GkKwgggAACCCCAAAII2AkQAOyE2I4AAggggAACCCCAgI8ECAA+Gky6ggACCCCAAAIIIICAnQABwE6I7QgglbFq7AAABmNJREFUgAACCCCAAAII+EiAAOCjwaQrCCCAAAIIIIAAAgjYCRAA7ITYjgACCCCAAAIIIICAjwQIAD4aTLqCAAIIIIAAAggggICdAAHATojtCCCAAAIIIIAAAgj4SIAA4KPBpCsIIIAAAggggAACCNgJEADshNiOAAIIIIAAAggggICPBAgAPhpMuoIAAggggAACCCCAgJ0AAcBOiO0IIIAAAggggAACCPhIgADgo8GkKwgggAACCCCAAAII2AkQAOyE2I4AAggggAACCCCAgI8ECAA+Gky6ggACCCCAAAIIIICAnQABwE6I7QgggAACCCCAAAII+EiAAOCjwaQrCCCAAAIIIIAAAgjYCRAA7ITYjgACCCCAAAIIIICAjwQIAD4aTLqCAAIIIIAAAggggICdAAHATojtCCCAAAIIIIAAAgj4SIAA4KPBpCsIIIAAAggggAACCNgJEADshNiOAAIIIIAAAggggICPBAgAPhpMuoIAAggggAACCCCAgJ0AAcBOiO0IIIAAAggggAACCPhIgADgo8GkKwgggAACCCCAAAII2AkQAOyE2I4AAggggAACCCCAgI8ECAA+Gky6ggACCCCAAAIIIICAnQABwE6I7QgggAACCCCAAAII+EiAAOCjwaQrCCCAAAIIIIAAAgjYCRAA7ITYjgACCCCAAAIIIICAjwQIAD4aTLqCAAIIIIAAAggggICdAAHATojtCCCAAAIIIIAAAgj4SIAA4KPBpCsIIIAAAggggAACCNgJEADshNiOAAIIIIAAAggggICPBAgAPhpMuoIAAggggAACCCCAgJ0AAcBOiO0IIIAAAggggAACCPhIgADgo8GkKwgggAACCCCAAAII2AkQAOyE2I4AAggggAACCCCAgI8ECAA+Gky6ggACCCCAAAIIIICAnQABwE6I7QgggAACCCCAAAII+EiAAOCjwaQrCCCAAAIIIIAAAgjYCRAA7ITYjgACCCCAAAIIIICAjwQIAD4aTLqCAAIIIIAAAggggICdAAHATojtCCCAAAIIIIAAAgj4SIAA4KPBpCsIIIAAAggggAACCNgJEADshNiOAAIIIIAAAggggICPBAgAPhpMuoIAAggggAACCCCAgJ0AAcBOiO0IIIAAAggggAACCPhIgADgo8GkKwgggAACCCCAAAII2AkQAOyE2I4AAggggAACCCCAgI8ECAA+Gky6ggACCCCAAAIIIICAnQABwE6I7QgggAACCCCAAAII+EiAAOCjwaQrCCCAAAIIIIAAAgjYCRAA7ITYjgACCCCAAAIIIICAjwQIAD4aTLqCAAIIIIAAAggggICdAAHATojtCCCAAAIIIIAAAgj4SIAA4KPBpCsIIIAAAggggAACCNgJEADshNiOAAIIIIAAAggggICPBAgAPhpMuoIAAggggAACCCCAgJ0AAcBOiO0IIIAAAggggAACCPhIgADgo8GkKwgggAACCCCAAAII2AkQAOyE2I4AAggggAACCCCAgI8ECAA+Gky6ggACCCCAAAIIIICAnQABwE6I7QgggAACCCCAAAII+EiAAOCjwaQrCCCAAAIIIIAAAgjYCRAA7ITYjgACCCCAAAIIIICAjwQIAD4aTLqCAAIIIIAAAggggICdAAHATojtCCCAAAIIIIAAAgj4SIAA4KPBpCsIIIAAAggggAACCNgJEADshNiOAAIIIIAAAggggICPBAgAPhpMuoIAAggggAACCCCAgJ0AAcBOiO0IIIAAAggggAACCPhIgADgo8GkKwgggAACCCCAAAII2AkQAOyE2I4AAggggAACCCCAgI8ECAA+Gky6ggACCCCAAAIIIICAnQABwE6I7QgggAACCCCAAAII+EiAAOCjwaQrCCCAAAIIIIAAAgjYCRAA7ITYjgACCCCAAAIIIICAjwQIAD4aTLqCAAIIIIAAAggggICdAAHATojtCCCAAAIIIIAAAgj4SIAA4KPBpCsIIIAAAggggAACCNgJEADshNiOAAIIIIAAAggggICPBAgAPhpMuoIAAggggAACCCCAgJ0AAcBOiO0IIIAAAggggAACCPhIgADgo8GkKwgggAACCCCAAAII2AkQAOyE2I4AAggggAACCCCAgI8ECAA+Gky6ggACCCCAAAIIIICAnQABwE6I7QgggAACCCCAAAII+Ejg/wGOMX/rlDBTXgAAAABJRU5ErkJggg==\" alt=\"\"></p>', '2022-08-22 15:50:32', 1),
(11, 6, 1, '<p>as<br></p>', '2022-08-22 15:51:28', 1),
(12, 5, 1, '<p>as<br></p>', '2022-08-22 15:51:31', 1),
(13, 1, 1, 'Ticket Cerrado...', '2022-08-22 16:44:58', 1),
(14, 7, 38, '<p>Funciona para las empresas ?<br></p>', '2022-08-22 17:01:27', 1),
(15, 8, 39, '<p>repuesta aprendiz<br></p>', '2022-08-23 13:19:58', 1),
(16, 3, 39, '<p>test</p><p><br></p>', '2022-08-23 13:26:48', 1),
(17, 3, 39, 'Ticket Cerrado...', '2022-08-23 13:26:51', 1);

-- --------------------------------------------------------

--
-- Estructura de tabla para la tabla `tm_categoria`
--

CREATE TABLE `tm_categoria` (
  `cat_id` int(11) NOT NULL,
  `cat_nom` varchar(400) COLLATE utf8_spanish_ci DEFAULT NULL,
  `est` int(11) DEFAULT NULL
) ENGINE=InnoDB DEFAULT CHARSET=utf8 COLLATE=utf8_spanish_ci;

--
-- Volcado de datos para la tabla `tm_categoria`
--

INSERT INTO `tm_categoria` (`cat_id`, `cat_nom`, `est`) VALUES
(1, 'Asesoria', 1),
(2, 'Visita', 1);

-- --------------------------------------------------------

--
-- Estructura de tabla para la tabla `tm_empresa`
--

CREATE TABLE `tm_empresa` (
  `emp_id` int(11) NOT NULL,
  `usu_id` int(11) NOT NULL,
  `emp_nit` int(11) NOT NULL,
  `emp_r_social` varchar(200) COLLATE utf8_spanish_ci NOT NULL,
  `emp_n_trab` int(11) NOT NULL,
  `emp_re_legal` varchar(150) COLLATE utf8_spanish_ci NOT NULL,
  `emp_acti_eco` varchar(150) COLLATE utf8_spanish_ci NOT NULL,
  `emp_nriesgo` int(11) NOT NULL,
  `emp_arl` varchar(150) COLLATE utf8_spanish_ci NOT NULL,
  `emp_tel` varchar(150) COLLATE utf8_spanish_ci NOT NULL
) ENGINE=InnoDB DEFAULT CHARSET=utf8 COLLATE=utf8_spanish_ci;

-- --------------------------------------------------------

--
-- Estructura de tabla para la tabla `tm_rol`
--

CREATE TABLE `tm_rol` (
  `rol_id` int(11) NOT NULL,
  `rol_nom` varchar(150) COLLATE utf8_spanish_ci NOT NULL,
  `est` int(11) NOT NULL
) ENGINE=InnoDB DEFAULT CHARSET=utf8 COLLATE=utf8_spanish_ci;

--
-- Volcado de datos para la tabla `tm_rol`
--

INSERT INTO `tm_rol` (`rol_id`, `rol_nom`, `est`) VALUES
(1, 'Empresa', 1),
(2, 'Soporte', 1);

-- --------------------------------------------------------

--
-- Estructura de tabla para la tabla `tm_subcategoria`
--

CREATE TABLE `tm_subcategoria` (
  `cats_id` int(11) NOT NULL,
  `cat_id` int(11) NOT NULL,
  `cats_nom` varchar(150) COLLATE utf8_spanish_ci NOT NULL,
  `est` int(11) NOT NULL
) ENGINE=InnoDB DEFAULT CHARSET=utf8 COLLATE=utf8_spanish_ci;

--
-- Volcado de datos para la tabla `tm_subcategoria`
--

INSERT INTO `tm_subcategoria` (`cats_id`, `cat_id`, `cats_nom`, `est`) VALUES
(1, 1, 'Virtual', 1),
(2, 1, 'Presencial', 1),
(3, 2, 'Empresa a SENA', 1),
(4, 2, 'SENA a Empresa', 1);

-- --------------------------------------------------------

--
-- Estructura de tabla para la tabla `tm_subrol`
--

CREATE TABLE `tm_subrol` (
  `rols_id` int(11) NOT NULL,
  `rol_id` int(11) NOT NULL,
  `rols_nom` varchar(150) COLLATE utf8_spanish_ci NOT NULL,
  `est` int(11) NOT NULL
) ENGINE=InnoDB DEFAULT CHARSET=utf8 COLLATE=utf8_spanish_ci;

--
-- Volcado de datos para la tabla `tm_subrol`
--

INSERT INTO `tm_subrol` (`rols_id`, `rol_id`, `rols_nom`, `est`) VALUES
(1, 2, 'Instructor', 1),
(2, 2, 'Aprendiz', 1),
(3, 1, 'Empresa', 1);

-- --------------------------------------------------------

--
-- Estructura de tabla para la tabla `tm_ticket`
--

CREATE TABLE `tm_ticket` (
  `tick_id` int(11) NOT NULL,
  `usu_id` int(11) NOT NULL,
  `cat_id` int(11) NOT NULL,
  `cats_id` int(11) NOT NULL,
  `tick_titulo` varchar(250) COLLATE utf8_spanish_ci NOT NULL,
  `tick_descrip` mediumtext COLLATE utf8_spanish_ci NOT NULL,
  `tick_estado` varchar(15) COLLATE utf8_spanish_ci DEFAULT NULL,
  `fech_crea` datetime DEFAULT NULL,
  `usu_asig` int(11) DEFAULT NULL,
  `fech_asig` datetime DEFAULT NULL,
  `est` varchar(45) COLLATE utf8_spanish_ci NOT NULL
) ENGINE=InnoDB DEFAULT CHARSET=utf8 COLLATE=utf8_spanish_ci;

--
-- Volcado de datos para la tabla `tm_ticket`
--

INSERT INTO `tm_ticket` (`tick_id`, `usu_id`, `cat_id`, `cats_id`, `tick_titulo`, `tick_descrip`, `tick_estado`, `fech_crea`, `usu_asig`, `fech_asig`, `est`) VALUES
(1, 1, 1, 1, 'Prueba', 'Prueba', 'Cerrado', NULL, 1, '2022-08-12 23:51:46', '1'),
(2, 1, 1, 1, 'asdasd', 'asdasd', 'Cerrado', '2022-08-12 13:15:31', 39, '2022-08-16 15:36:08', '1'),
(3, 1, 1, 1, 'asdasd', 'asdasd', 'Cerrado', '2022-08-12 13:17:07', 39, '2022-08-16 16:04:05', '1'),
(4, 2, 1, 2, 'preuba |1', '<p>asdasdsad<br></p>', 'Abierto', '2022-08-12 13:18:23', NULL, NULL, '1'),
(5, 1, 2, 4, 'preuba 1', '<p>asdasdas<br></p>', 'Abierto', '2022-08-12 15:26:23', NULL, NULL, '1'),
(6, 1, 2, 4, 'prueb', '<p>asdasd<br></p>', 'Abierto', '2022-08-12 16:48:40', 39, '2022-08-16 17:20:42', '1'),
(7, 38, 1, 2, 'prueba de empresa', '<p>asdasd<br></p>', 'Abierto', '2022-08-16 01:38:21', NULL, NULL, '1'),
(8, 38, 2, 4, 'adasd', '<p>asdasd<br></p>', 'Abierto', '2022-08-16 01:42:28', 39, '2022-08-16 16:16:17', '1'),
(9, 38, 1, 1, 'prueba 3', '<p>asdasd<br></p>', 'Abierto', '2022-08-16 14:30:46', NULL, NULL, '1'),
(10, 38, 1, 2, 'asdasd', '<p>asd<br></p>', 'Abierto', '2022-08-16 14:31:25', 39, '2022-08-16 16:16:21', '1'),
(11, 39, 2, 4, 'CASO MEJORAS', '<p>MEJORAS<br></p>', 'Abierto', '2022-08-17 13:46:58', NULL, NULL, '1');

-- --------------------------------------------------------

--
-- Estructura de tabla para la tabla `tm_usuario`
--

CREATE TABLE `tm_usuario` (
  `usu_id` int(11) NOT NULL,
  `usu_tid` int(11) NOT NULL,
  `usu_cc` varchar(50) COLLATE utf8_spanish_ci NOT NULL,
  `usu_nom` varchar(150) COLLATE utf8_spanish_ci DEFAULT NULL,
  `usu_ape` varchar(150) COLLATE utf8_spanish_ci DEFAULT NULL,
  `usu_ficha` varchar(150) COLLATE utf8_spanish_ci DEFAULT NULL,
  `usu_correo` varchar(150) COLLATE utf8_spanish_ci NOT NULL,
  `usu_pass` varchar(150) COLLATE utf8_spanish_ci NOT NULL,
  `rol_id` int(11) DEFAULT NULL,
  `rols_id` int(11) DEFAULT NULL,
  `fech_crea` datetime DEFAULT NULL,
  `fech_modi` datetime DEFAULT NULL,
  `fech_elim` datetime DEFAULT NULL,
  `est` int(11) NOT NULL
) ENGINE=InnoDB DEFAULT CHARSET=utf8 COLLATE=utf8_spanish_ci;

--
-- Volcado de datos para la tabla `tm_usuario`
--

INSERT INTO `tm_usuario` (`usu_id`, `usu_tid`, `usu_cc`, `usu_nom`, `usu_ape`, `usu_ficha`, `usu_correo`, `usu_pass`, `rol_id`, `rols_id`, `fech_crea`, `fech_modi`, `fech_elim`, `est`) VALUES
(1, 0, '0', 'Micha', 'Instructor', '1884061', 'micha@gmail.com', 'e10adc3949ba59abbe56e057f20f883e', 2, 1, NULL, NULL, NULL, 1),
(38, 0, '0', 'Michael', 'Empresa', NULL, 'michaa@gmail.coma', 'e10adc3949ba59abbe56e057f20f883e', 1, 3, '2022-08-13 00:19:40', NULL, NULL, 1),
(39, 0, '0', 'Michaaaa', 'Aprendiz', '1884051', 'micha@gmail.comm', 'e10adc3949ba59abbe56e057f20f883e', 2, 2, '2022-08-13 00:24:34', NULL, NULL, 1),
(40, 1, '1006170548', 'Michael', 'Empresa', '1884061', 'test@gmail.com', 'e10adc3949ba59abbe56e057f20f883e', 2, 3, '2022-08-13 00:19:40', NULL, '2022-08-23 16:35:01', 1),
(51, 1, 'ada', 'asda', 'asd', 'ASD', 'sad@asd.com', '654', 2, 1, '2022-08-24 02:13:21', NULL, NULL, 1);

--
-- Índices para tablas volcadas
--

--
-- Indices de la tabla `td_documento`
--
ALTER TABLE `td_documento`
  ADD PRIMARY KEY (`doc_id`);

--
-- Indices de la tabla `td_documentos`
--
ALTER TABLE `td_documentos`
  ADD PRIMARY KEY (`docs_id`);

--
-- Indices de la tabla `td_ticketdetalle`
--
ALTER TABLE `td_ticketdetalle`
  ADD PRIMARY KEY (`tickd_id`);

--
-- Indices de la tabla `tm_categoria`
--
ALTER TABLE `tm_categoria`
  ADD PRIMARY KEY (`cat_id`);

--
-- Indices de la tabla `tm_empresa`
--
ALTER TABLE `tm_empresa`
  ADD PRIMARY KEY (`emp_id`);

--
-- Indices de la tabla `tm_rol`
--
ALTER TABLE `tm_rol`
  ADD PRIMARY KEY (`rol_id`);

--
-- Indices de la tabla `tm_subcategoria`
--
ALTER TABLE `tm_subcategoria`
  ADD PRIMARY KEY (`cats_id`);

--
-- Indices de la tabla `tm_subrol`
--
ALTER TABLE `tm_subrol`
  ADD PRIMARY KEY (`rols_id`);

--
-- Indices de la tabla `tm_ticket`
--
ALTER TABLE `tm_ticket`
  ADD PRIMARY KEY (`tick_id`);

--
-- Indices de la tabla `tm_usuario`
--
ALTER TABLE `tm_usuario`
  ADD PRIMARY KEY (`usu_id`);

--
-- AUTO_INCREMENT de las tablas volcadas
--

--
-- AUTO_INCREMENT de la tabla `td_documento`
--
ALTER TABLE `td_documento`
  MODIFY `doc_id` int(11) NOT NULL AUTO_INCREMENT, AUTO_INCREMENT=10;

--
-- AUTO_INCREMENT de la tabla `td_documentos`
--
ALTER TABLE `td_documentos`
  MODIFY `docs_id` int(11) NOT NULL AUTO_INCREMENT;

--
-- AUTO_INCREMENT de la tabla `td_ticketdetalle`
--
ALTER TABLE `td_ticketdetalle`
  MODIFY `tickd_id` int(11) NOT NULL AUTO_INCREMENT, AUTO_INCREMENT=18;

--
-- AUTO_INCREMENT de la tabla `tm_categoria`
--
ALTER TABLE `tm_categoria`
  MODIFY `cat_id` int(11) NOT NULL AUTO_INCREMENT, AUTO_INCREMENT=3;

--
-- AUTO_INCREMENT de la tabla `tm_empresa`
--
ALTER TABLE `tm_empresa`
  MODIFY `emp_id` int(11) NOT NULL AUTO_INCREMENT;

--
-- AUTO_INCREMENT de la tabla `tm_rol`
--
ALTER TABLE `tm_rol`
  MODIFY `rol_id` int(11) NOT NULL AUTO_INCREMENT, AUTO_INCREMENT=24;

--
-- AUTO_INCREMENT de la tabla `tm_subcategoria`
--
ALTER TABLE `tm_subcategoria`
  MODIFY `cats_id` int(11) NOT NULL AUTO_INCREMENT, AUTO_INCREMENT=5;

--
-- AUTO_INCREMENT de la tabla `tm_subrol`
--
ALTER TABLE `tm_subrol`
  MODIFY `rols_id` int(11) NOT NULL AUTO_INCREMENT, AUTO_INCREMENT=4;

--
-- AUTO_INCREMENT de la tabla `tm_ticket`
--
ALTER TABLE `tm_ticket`
  MODIFY `tick_id` int(11) NOT NULL AUTO_INCREMENT, AUTO_INCREMENT=12;

--
-- AUTO_INCREMENT de la tabla `tm_usuario`
--
ALTER TABLE `tm_usuario`
  MODIFY `usu_id` int(11) NOT NULL AUTO_INCREMENT, AUTO_INCREMENT=52;
COMMIT;

/*!40101 SET CHARACTER_SET_CLIENT=@OLD_CHARACTER_SET_CLIENT */;
/*!40101 SET CHARACTER_SET_RESULTS=@OLD_CHARACTER_SET_RESULTS */;
/*!40101 SET COLLATION_CONNECTION=@OLD_COLLATION_CONNECTION */;
